2000	2	27	2000-02-28
2000	2	28	2000-02-29
2000	2	29	2000-03-01
2000	2	30	非法输入
2000	2	31	非法输入
2000	2	0	非法输入
2000	2	32	非法输入
2000	6	27	2000-06-28
2000	6	28	2000-06-29
2000	6	29	2000-06-30
2000	6	30	2000-07-01
2000	6	31	非法输入
2000	6	0	非法输入
2000	6	32	非法输入
2000	3	27	2000-03-28
2000	3	28	2000-03-29
2000	3	29	2000-03-30
2000	3	30	2000-03-31
2000	3	31	2000-04-01
2000	3	0	非法输入
2000	3	32	非法输入
2000	12	27	2000-12-28
2000	12	28	2000-12-29
2000	12	29	2000-12-30
2000	12	30	2000-12-31
2000	12	31	2001-01-01
2000	12	0	非法输入
2000	12	32	非法输入
2000	0	27	非法输入
2000	0	28	非法输入
2000	0	29	非法输入
2000	0	30	非法输入
2000	0	31	非法输入
2000	0	0	非法输入
2000	0	32	非法输入
2000	13	27	非法输入
2000	13	28	非法输入
2000	13	29	非法输入
2000	13	30	非法输入
2000	13	31	非法输入
2000	13	0	非法输入
2000	13	32	非法输入
2008	2	27	2008-02-28
2008	2	28	2008-02-29
2008	2	29	2008-03-01
2008	2	30	非法输入
2008	2	31	非法输入
2008	2	0	非法输入
2008	2	32	非法输入
2008	6	27	2008-06-28
2008	6	28	2008-06-29
2008	6	29	2008-06-30
2008	6	30	2008-07-01
2008	6	31	非法输入
2008	6	0	非法输入
2008	6	32	非法输入
2008	3	27	2008-03-28
2008	3	28	2008-03-29
2008	3	29	2008-03-30
2008	3	30	2008-03-31
2008	3	31	2008-04-01
2008	3	0	非法输入
2008	3	32	非法输入
2008	12	27	2008-12-28
2008	12	28	2008-12-29
2008	12	29	2008-12-30
2008	12	30	2008-12-31
2008	12	31	2009-01-01
2008	12	0	非法输入
2008	12	32	非法输入
2008	0	27	非法输入
2008	0	28	非法输入
2008	0	29	非法输入
2008	0	30	非法输入
2008	0	31	非法输入
2008	0	0	非法输入
2008	0	32	非法输入
2008	13	27	非法输入
2008	13	28	非法输入
2008	13	29	非法输入
2008	13	30	非法输入
2008	13	31	非法输入
2008	13	0	非法输入
2008	13	32	非法输入
1900	2	27	1900-02-28
1900	2	28	1900-03-01
1900	2	29	非法输入
1900	2	30	非法输入
1900	2	31	非法输入
1900	2	0	非法输入
1900	2	32	非法输入
1900	6	27	1900-06-28
1900	6	28	1900-06-29
1900	6	29	1900-06-30
1900	6	30	1900-07-01
1900	6	31	非法输入
1900	6	0	非法输入
1900	6	32	非法输入
1900	3	27	1900-03-28
1900	3	28	1900-03-29
1900	3	29	1900-03-30
1900	3	30	1900-03-31
1900	3	31	1900-04-01
1900	3	0	非法输入
1900	3	32	非法输入
1900	12	27	1900-12-28
1900	12	28	1900-12-29
1900	12	29	1900-12-30
1900	12	30	1900-12-31
1900	12	31	1901-01-01
1900	12	0	非法输入
1900	12	32	非法输入
1900	0	27	非法输入
1900	0	28	非法输入
1900	0	29	非法输入
1900	0	30	非法输入
1900	0	31	非法输入
1900	0	0	非法输入
1900	0	32	非法输入
1900	13	27	非法输入
1900	13	28	非法输入
1900	13	29	非法输入
1900	13	30	非法输入
1900	13	31	非法输入
1900	13	0	非法输入
1900	13	32	非法输入
1899	2	27	非法输入
1899	2	28	非法输入
1899	2	29	非法输入
1899	2	30	非法输入
1899	2	31	非法输入
1899	2	0	非法输入
1899	2	32	非法输入
1899	6	27	非法输入
1899	6	28	非法输入
1899	6	29	非法输入
1899	6	30	非法输入
1899	6	31	非法输入
1899	6	0	非法输入
1899	6	32	非法输入
1899	3	27	非法输入
1899	3	28	非法输入
1899	3	29	非法输入
1899	3	30	非法输入
1899	3	31	非法输入
1899	3	0	非法输入
1899	3	32	非法输入
1899	12	27	非法输入
1899	12	28	非法输入
1899	12	29	非法输入
1899	12	30	非法输入
1899	12	31	非法输入
1899	12	0	非法输入
1899	12	32	非法输入
1899	0	27	非法输入
1899	0	28	非法输入
1899	0	29	非法输入
1899	0	30	非法输入
1899	0	31	非法输入
1899	0	0	非法输入
1899	0	32	非法输入
1899	13	27	非法输入
1899	13	28	非法输入
1899	13	29	非法输入
1899	13	30	非法输入
1899	13	31	非法输入
1899	13	0	非法输入
1899	13	32	非法输入
2501	2	27	非法输入
2501	2	28	非法输入
2501	2	29	非法输入
2501	2	30	非法输入
2501	2	31	非法输入
2501	2	0	非法输入
2501	2	32	非法输入
2501	6	27	非法输入
2501	6	28	非法输入
2501	6	29	非法输入
2501	6	30	非法输入
2501	6	31	非法输入
2501	6	0	非法输入
2501	6	32	非法输入
2501	3	27	非法输入
2501	3	28	非法输入
2501	3	29	非法输入
2501	3	30	非法输入
2501	3	31	非法输入
2501	3	0	非法输入
2501	3	32	非法输入
2501	12	27	非法输入
2501	12	28	非法输入
2501	12	29	非法输入
2501	12	30	非法输入
2501	12	31	非法输入
2501	12	0	非法输入
2501	12	32	非法输入
2501	0	27	非法输入
2501	0	28	非法输入
2501	0	29	非法输入
2501	0	30	非法输入
2501	0	31	非法输入
2501	0	0	非法输入
2501	0	32	非法输入
2501	13	27	非法输入
2501	13	28	非法输入
2501	13	29	非法输入
2501	13	30	非法输入
2501	13	31	非法输入
2501	13	0	非法输入
2501	13	32	非法输入